JCC,Name1,Name2,Obsolete
101,Sapporo,D–ys,
102,Asahikawa,ˆ®ìs,
103,Otaru,¬’Ms,
104,Hakodate,”ŸŠÙs,
105,Muroran,º—–s,
106,Kushiro,‹ú˜Hs,
107,Obihiro,‘ÑLs,
108,Kitami,–kŒ©s,
109,Yubari,—[’£s,
110,Iwamizawa,ŠâŒ©‘òs,
111,Abashiri,–Ô‘–s,
112,Rumoi,—¯–Gs,
113,Tomakomai,“Ï¬–qs,
114,Wakkanai,’t“às,
115,Bibai,”ü‰Ss,
116,Ashibetsu,ˆ°•Ês,
117,Ebetsu,]•Ês,
118,Akabira,Ô•½s,
119,Mombetsu,–ä•Ês,
120,Shibetsu,m•Ês,
121,Nayoro,–¼Šñs,
122,Mikasa,OŠ}s,
123,Nemuro,ªºs,
124,Chitose,çÎs,
125,Takikawa,‘êìs,
126,Sunagawa,»ìs,
127,Utashinai,‰Ìu“às,
128,Fukagawa,[ìs,
129,Furano,•x—Ç–ìs,
130,Noboribetsu,“o•Ês,
131,Eniwa,Œb’ës,
132,Kameda,‹T“cs,"Nov.,30,1973"
133,Date,ˆÉ’Bs(–kŠC“¹),
134,Kitahiroshima,–kL“‡s,
135,Ishikari,Îës,
136,Hokuto,–k“ls,
201,Aomori,ÂXs,
202,Hirosaki,O‘Os,
203,Hachinohe,”ªŒËs,
204,Kuroishi,•Îs,
205,Goshogawara,ŒÜŠìŒ´s,
206,Towada,\˜a“cs,
207,Misawa,O‘òs,
208,Mutsu,‚Ş‚Âs,
209,Tsugaru,‚Â‚ª‚és,
210,Hirakawa,•½ìs,
301,Morioka,·‰ªs,
302,Kamaishi,Š˜Îs,
303,Miyako,‹{ŒÃs,
304,Ichinoseki,ˆêŠÖs,
305,Ofunato,‘å‘D“ns,
306,Mizusawa,…‘òs,"Feb.19,2006"
307,Hanamaki,‰ÔŠªs,
308,Kitakami,–kãs,
309,Kuji,‹vœs,
310,Tono,‰“–ìs,
311,Rikuzentakata,—¤‘O‚“cs,
312,Esashi,]hs,"Feb.19,2006"
313,Ninohe,“ñŒËs,
314,Hachimantai,”ª”¦•½s,
315,Oshu,‰œBs,
316,Takizawa,‘ê‘òs,
401,Akita,H“cs,
402,Noshiro,”\‘ãs,
403,Odate,‘åŠÙs,
404,Yokote,‰¡ès,
405,Honjo,–{‘‘s,"Mar.21,2005"
406,Oga,’j­s,
407,Yuzawa,“’‘òs,
408,Omagari,‘å‹Ès,"Mar.21,2005"
409,Kazuno,­Šps,
410,Yurihonjo,—R—˜–{‘‘s,
411,Katagami,Šƒãs,
412,Daisen,‘åås,
413,Kitaakita,–kH“cs,
414,Nikaho,‚É‚©‚Ùs,
415,Senboku,å–ks,
501,Yamagata,RŒ`s,
502,Yonezawa,•Ä‘òs,
503,Tsuruoka,’ß‰ªs,
504,Sakata,ğ“cs,
505,Shinjo,V¯s,
506,Sagae,Š¦‰Í]s,
507,Kaminoyama,ãRs,
508,Murayama,‘ºRs,
509,Nagai,’·ˆäs,
510,Tendo,“V“¶s,
511,Higashine,“Œªs,
512,Obanazawa,”ö‰Ô‘òs,
513,Nan'yo,“ì—zs,
601,Sendai,å‘äs,
602,Ishinomaki,ÎŠªs,
603,Shiogama,‰–â}s,
604,Furukawa,ŒÃìs,"Mar.30,2006"
605,Kesennuma,‹CåÀs,
606,Shiroishi,”’Îs,
607,Natori,–¼æs,
608,Kakuda,Šp“cs,
609,Tagajo,‘½‰êés,
610,Izumi,òs,"Feb.29,1988"
611,Iwanuma,ŠâÀs,
612,Tome,“o•Äs,
613,Kurihara,ŒIŒ´s,
614,Higashimatsushima,“Œ¼“‡s,
615,Osaki,‘åès,
616,Tomiya,•x’Js,
701,Fukushima,•Ÿ“‡s,
702,Aizuwakamatsu,‰ï’Ãá¼s,
703,Koriyama,ŒSRs,
704,Taira,•½s,"Sep.30,1966"
705,Shirakawa,”’‰Ís,
706,Haramachi,Œ´’¬s,"Dec.31,2005"
707,Sukagawa,{‰êìs,
708,Kitakata,Šì‘½•ûs,
709,Joban,í”Ös,"Sep.30,1966"
710,Iwaki,”Öés,"Sep.30,1966"
711,Soma,‘Š”ns,
712,Uchigo,“à‹½s,"Sep.30,1966"
713,Nakoso,–Ü—ˆs,"Sep.30,1966"
714,Nihonmatsu,“ñ–{¼s,
715,Iwaki,‚¢‚í‚«s,
716,Wakamatsu,á¼s,"Dec.31,1954"
717,Tamura,“c‘ºs,
718,Minamisoma,“ì‘Š”ns,
719,Date,ˆÉ’Bs(•Ÿ“‡),
720,Motomiya,–{‹{s,
801,Niigata,VŠƒs,
802,Nagaoka,’·‰ªs,
803,Takada,‚“cs,"Apr.28,1971"
804,Sanjo,Oğs,
805,Kashiwazaki,”ès,
806,Shibata,V”­“cs,
807,Niitsu,V’Ãs,"Mar.20,2005"
808,Ojiya,¬ç’Js,
809,Kamo,‰Á–Îs,
810,Tokamachi,\“ú’¬s,
811,Mitsuke,Œ©•s,
812,Murakami,‘ºãs,
813,Tsubame,‰s,
814,Naoetsu,’¼]’Ãs,"Apr.28,1971"
815,Tochio,“È”ös,"Dec.31,2005"
816,Itoigawa,…‹›ìs,
817,Arai,Vˆäs,"Mar.31,2005"
818,Gosen,ŒÜòs,
819,Ryotsu,—¼’Ãs,"Feb.29,2004"
820,Shirone,”’ªs,"Mar.20,2005"
821,Toyosaka,–L‰hs,"Mar.20,2005"
822,Joetsu,ã‰zs,
823,Agano,ˆ¢‰ê–ìs,
824,Sado,²“ns,
825,Uonuma,‹›Às,
826,Minamiuonuma,“ì‹›Às,
827,Myoko,–­‚s,
828,Tainai,‘Ù“às,
901,Nagano,’·–ìs,
902,Matsumoto,¼–{s,
903,Ueda,ã“cs,
904,Okaya,‰ª’Js,
905,Iida,”Ñ“cs,
906,Suwa,z–Ks,
907,Suzaka,{âs,
908,Komoro,¬”s,
909,Ina,ˆÉ“ßs,
910,Komagane,‹îƒ–ªs,
911,Nakano,’†–ìs,
912,Omachi,‘å’¬s,
913,Iiyama,”ÑRs,
914,Chino,Š–ìs,
915,Shiojiri,‰–Ks,
916,Shinonoi,Âƒmˆäs,"Oct.15,1966"
917,Koshoku,Xûs,"Aug.31,2003"
918,Saku,²‹vs,
919,Chikuma,ç‹Ès,
920,Toumi,“ŒŒäs,
921,Azumino,ˆÀ“Ü–ìs,
100101,Chiyoda,ç‘ã“c‹æ,
100102,Chuo,’†‰›‹æ,
100103,Minato,`‹æ,
100104,Shinjuku,Vh‹æ,
100105,Bunkyo,•¶‹‹æ,
100106,Taito,‘ä“Œ‹æ,
100107,Sumida,–n“c‹æ,
100108,Koto,]“Œ‹æ,
100109,Shinagawa,•iì‹æ,
100110,Meguro,–Ú•‹æ,
100111,Ota,‘å“c‹æ,
100112,Setagaya,¢“c’J‹æ,
100113,Shibuya,a’J‹æ,
100114,Nakano,’†–ì‹æ,
100115,Suginami,™•À‹æ,
100116,Toshima,–L“‡‹æ,
100117,Kita,–k‹æ,
100118,Arakawa,rì‹æ,
100119,Itabashi,”Â‹´‹æ,
100120,Nerima,—û”n‹æ,
100121,Adachi,‘«—§‹æ,
100122,Katsushika,Š‹ü‹æ,
100123,Edogawa,]ŒËì‹æ,
1001,Tokyo-23-wards,“Œ‹23‹æs,"Mar.31,2010"
1002,Hachioji,”ª‰¤qs,
1003,Tachikawa,—§ìs,
1004,Musashino,•‘ –ìs,
1005,Mitaka,O‘és,
1006,Ome,Â”~s,
1007,Fuchu,•{’†s(“Œ‹),
1008,Akishima,º“‡s,
1009,Chofu,’²•zs,
1010,Machida,’¬“cs,
1011,Koganei,¬‹àˆäs,
1012,Kodaira,¬•½s,
1013,Hino,“ú–ìs,
1014,Higashimurayama,“Œ‘ºRs,
1015,Kokubunji,‘•ª›s,
1016,Kunitachi,‘—§s,
1017,Hoya,•Û’Js,"Jan.20,2001"
1018,Tanashi,“c–³@s,"Jan.20,2001"
1019,Fussa,•Ÿ¶s,
1020,Komae,]s,
1021,Higashiyamato,“Œ‘å˜as,
1022,Kiyose,´£s,
1023,Higashikurume,“Œ‹v—¯•Äs,
1024,Musashimurayama,•‘ ‘ºRs,
1025,Tama,‘½–€s,
1026,Inagi,ˆîés,
1027,Akigawa,Hìs,"Aug.31,1995"
1028,Hamura,‰H‘ºs,
1029,Akiruno,‚ ‚«‚é–ìs,
1030,Nishitokyo,¼“Œ‹s,
1101,Yokohama,‰¡•ls,
1102,Yokosuka,‰¡{‰ês,
1103,Kawasaki,ìès,
1104,Hiratsuka,•½’Ës,
1105,Kamakura,Š™‘qs,
1106,Fujisawa,“¡‘òs,
1107,Odawara,¬“cŒ´s,
1108,Chigasaki,Šƒ–ès,
1109,Zushi,€qs,
1110,Sagamihara,‘Š–ÍŒ´s,
1111,Miura,O‰Ys,
1112,Hadano,`–ìs,
1113,Atsugi,Œú–Øs,
1114,Yamato,‘å˜as,
1115,Isehara,ˆÉ¨Œ´s,
1116,Ebina,ŠC˜V–¼s,
1117,Zama,ÀŠÔs,
1118,Minamiashigara,“ì‘«•¿s,
1119,Ayase,ˆ»£s,
1201,Chiba,ç—ts,
1202,Choshi,’¶qs,
1203,Ichikawa,sìs,
1204,Funabashi,‘D‹´s,
1205,Tateyama,ŠÙRs,
1206,Kisarazu,–ØX’Ãs,
1207,Matsudo,¼ŒËs,
1208,Noda,–ì“cs,
1209,Sawara,²Œ´s,"Mar.26,2006"
1210,Mobara,–ÎŒ´s,
1211,Narita,¬“cs,
1212,Sakura,²‘qs,
1213,Togane,“Œ‹às,
1214,Yokaichiba,”ª“úsês,"Jan.22,2006"
1215,Asahi,ˆ®s,
1216,Narashino,Ku–ìs,
1217,Kashiwa,”s,
1218,Katsuura,Ÿ‰Ys,
1219,Ichihara,sŒ´s,
1220,Nagareyama,—¬Rs,
1221,Yachiyo,”ªç‘ãs,
1222,Abiko,‰ä‘·qs,
1223,Kamogawa,Š›ìs,
1224,Kimitsu,ŒN’Ãs,
1225,Kamagaya,Š™ƒP’Js,
1226,Futtu,•x’Ãs,
1227,Urayasu,‰YˆÀs,
1228,Yotsukaido,lŠX“¹s,
1229,Sodegaura,‘³ƒP‰Ys,
1230,Yachimata,”ªŠXs,
1231,Inzai,ˆó¼s,
1232,Shiroi,”’ˆäs,
1233,Tomisato,•x—¢s,
1234,Minamiboso,“ì–[‘s,
1235,Sosa,‘xºs,
1236,Katori,æs,
1237,Sanmu,R•s,
1238,Isumi,‚¢‚·‚İs,
1239,Oamishirasato,‘å–Ô”’—¢s,
1301,Urawa,‰Y˜as,"Apr.30,2001"
1302,Kawagoe,ì‰zs,
1303,Kumagaya,ŒF’Js,
1304,Kawaguchi,ìŒûs,
1305,Omiya,‘å‹{s,"Apr.30,2001"
1306,Gyoda,s“cs,
1307,Chichibu,’•ƒs,
1308,Tokorozawa,Š‘òs,
1309,Hanno,”Ñ”\s,
1310,Kazo,‰Á{s,
1311,Honjo,–{¯s,
1312,Higashimatsuyama,“Œ¼Rs,
1313,Iwatsuki,Šâ’Îs,"Mar.31,2005"
1314,Kasukabe,t“ú•”s,
1315,Sayama,‹·Rs,
1316,Hanyu,‰H¶s,
1317,Konosu,ƒ‘ƒs,
1318,Fukaya,[’Js,
1319,Ageo,ã”ös,
1320,Yono,—^–ìs,"Apr.30,2001"
1321,Soka,‘‰Ás,
1322,Koshigaya,‰z’Js,
1323,Warabi,˜ns,
1324,Toda,ŒË“cs,
1325,Iruma,“üŠÔs,
1326,Hatogaya,”µƒ–’Js,"Oct.10,2011"
1327,Asaka,’©‰às,
1328,Shiki,u–Øs,
1329,Wako,˜aŒõs,
1330,Niiza,VÀs,
1331,Okegawa,‰±ìs,
1332,Kuki,‹vŠìs,
1333,Kitamoto,–k–{s,
1334,Yashio,”ª’ªs,
1335,Kamifukuoka,ã•Ÿ‰ªs,"Sep.30,2005"
1336,Fujimi,•xmŒ©s,
1337,Misato,O‹½s,
1338,Hasuda,˜@“cs,
1339,Sakado,âŒËs,
1340,Satte,Kès,
1341,Tsurugashima,’ßƒ–“‡s,
1342,Hidaka,“ú‚s,
1343,Yoshikawa,‹gìs,
1344,Saitama,‚³‚¢‚½‚Üs,
1345,Fujimino,‚Ó‚¶‚İ–ìs,
1346,Shiraoka,”’‰ªs,
1401,Mito,…ŒËs,
1402,Hitachi,“ú—§s,
1403,Tsuchiura,“y‰Ys,
1404,Koga,ŒÃ‰Ís,
1405,Ishioka,Î‰ªs,
1406,Shimodate,‰ºŠÙs,"Mar.27,2005"
1407,Yuki,Œ‹és,
1408,Ryugasaki,—´ƒPès,
1409,Nakaminato,“ß‰Ï–©s,"Oct.31,1994"
1410,Shimotsuma,‰ºÈs,
1411,Mitsukaido,…ŠC“¹s,"Dec.31,2005"
1412,Hitachiota,í—¤‘¾“cs,
1413,Katsuta,Ÿ“cs,"Oct.31,1994"
1414,Takahagi,‚”‹s,
1415,Kitaibaraki,–kˆïés,
1416,Kasama,Š}ŠÔs,
1417,Toride,æès,
1418,Iwai,Šâˆäs,"Mar.21,2005"
1419,Ushiku,‹‹vs,
1420,Tsukuba,‚Â‚­‚Îs,
1421,Hitachinaka,‚Ğ‚½‚¿‚È‚©s,
1422,Kashima,­“ˆs,
1423,Itako,’ª—ˆs,
1424,Moriya,ç’Js,
1425,Hitachiomiya,í—¤‘å‹{s,
1426,Naka,“ß‰Ïs,
1427,Chikusei,’}¼s,
1428,Bandou,â“Œs,
1429,Inashiki,ˆî•~s,
1430,Kasumigaura,‚©‚·‚İ‚ª‚¤‚çs,
1431,Sakuragawa,÷ìs,
1432,Kamisu,_²s,
1433,Namegata,s•ûs,
1434,Hokota,–g“cs,
1435,Joso,í‘s,
1436,Tsukubamirai,‚Â‚­‚Î‚İ‚ç‚¢s,
1437,Omitama,¬”ü‹Ês,
1501,Utsunomiya,‰F“s‹{s,
1502,Ashikaga,‘«—˜s,
1503,Tochigi,“È–Øs,
1504,Sano,²–ìs,
1505,Kanuma,­Às,
1506,Nikko,“úŒõs,
1507,Imaichi,¡ss,"Mar.19,2006"
1508,Oyama,¬Rs,
1509,Mooka,^‰ªs,
1510,Otawara,‘å“cŒ´s,
1511,Yaita,–î”Âs,
1512,Kuroiso,•ˆés,"Dec.31,2004"
1513,Nasushiobara,“ß{‰–Œ´s,
1514,Sakura,‚³‚­‚çs,
1515,Nasukarasuyama,“ß{‰GRs,
1516,Shimotsuke,‰º–ìs,
1601,Maebashi,‘O‹´s,
1602,Takasaki,‚ès,
1603,Kiryu,‹Ë¶s,
1604,Isesaki,ˆÉ¨ès,
1605,Ota,‘¾“cs,
1606,Numata,À“cs,
1607,Tatebayashi,ŠÙ—Ñs,
1608,Shibukawa,aìs,
1609,Fujioka,“¡‰ªs,
1610,Tomioka,•x‰ªs,
1611,Annaka,ˆÀ’†s,
1612,Midori,‚İ‚Ç‚ès,
1701,Kofu,b•{s,
1702,Fujiyoshida,•xm‹g“cs,
1703,Enzan,‰–Rs,"Oct.31,2005"
1704,Tsuru,“s—¯s,
1705,Yamanashi,R—œs,
1706,Otsuki,‘åŒs,
1707,Nirasaki,”Bès,
1708,Minami-Alps,“ìƒAƒ‹ƒvƒXs,
1709,Hokuto,–k“ms,
1710,Kai,b”ãs,
1711,Fuefuki,“Js,
1712,Uenohara,ã–ìŒ´s,
1713,Koshu,bBs,
1714,Chuo,’†‰›s,
1801,Shizuoka,Ã‰ªs,
1802,Hamamatsu,•l¼s,
1803,Numazu,À’Ãs,
1804,Shimizu,´…s,"Mar.31,2003"
1805,Atami,”MŠCs,
1806,Mishima,O“‡s,
1807,Fujinomiya,•xm‹{s,
1808,Ito,ˆÉ“Œs,
1809,Shimada,“‡“cs,
1810,Yoshiwara,‹gŒ´s,"Oct.31,1966"
1811,Iwata,”Ö“cs,
1812,Yaizu,Ä’Ãs,
1813,Fuji,•xms,
1814,Kakegawa,Š|ìs,
1815,Fujieda,“¡}s,
1816,Gotemba,Œä“aês,
1817,Fukuroi,‘Üˆäs,
1818,Tenryu,“V—³s,"Jun.30,2005"
1819,Hamakita,•l–ks,"Jun.30,2005"
1820,Shimoda,‰º“cs,
1821,Susono,–ìs,
1822,Kosai,ŒÎ¼s,
1823,Izu,ˆÉ“¤s,
1824,Omaezaki,Œä‘Oès,
1825,Kikugawa,‹eìs,
1826,Izunokuni,ˆÉ“¤‚Ì‘s,
1827,Makinohara,–q”VŒ´s,
1901,Gifu,Šò•Œs,
1902,Ogaki,‘åŠ_s,
1903,Takayama,‚Rs,
1904,Tajimi,‘½¡Œ©s,
1905,Seki,ŠÖs,
1906,Nakatsugawa,’†’Ãìs,
1907,Mino,”ü”Zs,
1908,Mizunami,˜Qs,
1909,Hashima,‰H“‡s,
1910,Ena,Œb“ßs,
1911,Minokamo,”ü”Z‰Á–Îs,
1912,Toki,“yŠòs,
1913,Kakamigahara,Še–±Œ´s,
1914,Kani,‰Â™s,
1915,Yamagata,RŒ§s,
1916,Mizuho,•äs,
1917,Hida,”ò‘Ës,
1918,Motosu,–{‘ƒs,
1919,Gujo,ŒSãs,
1920,Gero,‰º˜Cs,
1921,Kaizu,ŠC’Ãs,
2001,Nagoya,–¼ŒÃ‰®s,
2002,Toyohashi,–L‹´s,
2003,Okazaki,‰ªès,
2004,Ichinomiya,ˆê‹{s,
2005,Seto,£ŒËs,
2006,Handa,”¼“cs,
2007,Kasugai,t“úˆäs,
2008,Toyokawa,–Lìs,
2009,Tsushima,’Ã“‡s,
2010,Hekinan,•É“ìs,
2011,Kariya,Š ’Js,
2012,Toyota,–L“cs,
2013,Anjo,ˆÀés,
2014,Nishio,¼”ös,
2015,Gamagori,Š—ŒSs,
2016,Inuyama,Œ¢Rs,
2017,Tokoname,íŠŠs,
2018,Moriyama,çRs,"Feb.9,1963"
2019,Konan,]“ìs,
2020,Bisai,”ö¼s,"Mar.31,2005"
2021,Komaki,¬–qs,
2022,Inazawa,ˆî‘òs,
2023,Shinshiro,Vés,
2024,Tokai,“ŒŠCs,
2025,Obu,‘å•{s,
2026,Chita,’m‘½s,
2027,Takahama,‚•ls,
2028,Chiryu,’m—§s,
2029,Owariasahi,”ö’£ˆ®s,
2030,Iwakura,Šâ‘qs,
2031,Toyoake,–L–¾s,
2032,Nissin,“úis,
2033,Tahara,“cŒ´s,
2034,Aisai,ˆ¤¼s,
2035,Kiyosu,´{s,
2036,Kitanagoya,–k–¼ŒÃ‰®s,
2037,Yatomi,–í•xs,
2038,Miyoshi,‚İ‚æ‚µs,
2039,Ama,‚ ‚Üs,
2040,Nagakute,’·‹vès,
2101,Tsu,’Ãs,
2102,Yokkaichi,l“úss,
2103,Ise,ˆÉ¨s,
2104,Matsusaka,¼ãs,
2105,Kuwana,ŒK–¼s,
2106,Ueno,ã–ìs,"Oct.31,2004"
2107,Suzuka,—é­s,
2108,Nabari,–¼’£s,
2109,Owase,”ö˜hs,
2110,Kameyama,‹TRs,
2111,Toba,’¹‰Hs,
2112,Kumano,ŒF–ìs,
2113,Hisai,‹v‹s,"Dec.31,2005"
2114,Ujiyamada,‰F¡R“cs,"Dec.31,1954"
2115,Inabe,‚¢‚È‚×s,
2116,Shima,u–€s,
2117,Iga,ˆÉ‰ês,
2201,Kyoto,‹“ss,
2202,Fukuchiyama,•Ÿ’mRs,
2203,Maizuru,•‘’ßs,
2204,Ayabe,ˆ»•”s,
2205,Uji,‰F¡s,
2206,Miyazu,‹{’Ãs,
2207,Kameoka,‹T‰ªs,
2208,Joyo,é—zs,
2209,Nagaokakyo,’·‰ª‹s,
2210,Muko,Œü“ús,
2211,Yawata,”ª”¦s,
2212,Kyotanabe,‹“c•Ós,
2213,Kyotango,‹’OŒãs,
2214,Nantan,“ì’Os,
2215,Kizugawa,–Ø’Ãìs,
2301,Otsu,‘å’Ãs,
2302,Hikone,•Fªs,
2303,Nagahama,’·•ls,
2304,Omihachiman,‹ß]”ª”¦s,
2305,Yokaichi,”ª“úss,"Feb.10,2005"
2306,Kusatsu,‘’Ãs,
2307,Moriyama,çRs,
2308,Ritto,ŒI“Œs,
2309,Koka,b‰ês,
2310,Yasu,–ìFs,
2311,Konan,ŒÎ“ìs,
2312,Takashima,‚“‡s,
2313,Higashioumi,“Œ‹ß]s,
2314,Maibara,•ÄŒ´s,
2401,Nara,“Ş—Çs,
2402,Yamatotakada,‘å˜a‚“cs,
2403,Yamatokoriyama,‘å˜aŒSRs,
2404,Tenri,“V—s,
2405,Kashihara,Š€Œ´s,
2406,Sakurai,÷ˆäs,
2407,Gojo,ŒÜŠs,
2408,Gose,ŒäŠs,
2409,Ikoma,¶‹îs,
2410,Kashiba,Ås,
2411,Katsuragi,Š‹és,
2412,Uda,‰F‘És,
2501,Osaka,‘åãs,
2502,Sakai,äs,
2503,Kishiwada,Šİ˜a“cs,
2504,Toyonaka,–L’†s,
2505,Fuse,•z{s,Jan.31.1967
2506,Ikeda,’r“cs,
2507,Suita,“cs,
2508,Izumiotsu,ò‘å’Ãs,
2509,Takatsuki,‚’Îs,
2510,Kaizuka,ŠL’Ës,
2511,Moriguchi,çŒûs,
2512,Hirakata,–‡•ûs,
2513,Ibaraki,ˆï–Øs,
2514,Yao,”ª”ös,
2515,Izumisano,ò²–ìs,
2516,Tondabayashi,•x“c—Ñs,
2517,Neyagawa,Q‰®ìs,
2518,Kawachinagano,‰Í“à’·–ìs,
2519,Hiraoka,–‡‰ªs,"Jan.31,1967"
2520,Kawachi,‰Í“às,"Jan.31,1967"
2521,Matsubara,¼Œ´s,
2522,Daito,‘å“Œs,
2523,Izumi,˜aòs,
2524,Mino,–¥–Ês,
2525,Kashiwara,”Œ´s,
2526,Habikino,‰H‰g–ìs,
2527,Kadoma,–å^s,
2528,Settsu,Û’Ãs,
2529,Fujiidera,“¡ˆä›s,
2530,Takaishi,‚Îs,
2531,Higashiosaka,“Œ‘åãs,
2532,Sennan,ò“ìs,
2533,Shijonawate,lŠ“ës,
2534,Katano,Œğ–ìs,
2535,Osakasayama,‘åã‹·Rs,
2536,Hannan,ã“ìs,
2601,Wakayama,˜a‰ÌRs,
2602,Shingu,V‹{s,
2603,Kainan,ŠC“ìs,
2604,Tanabe,“c•Ós,
2605,Gobo,Œä–Vs,
2606,Hashimoto,‹´–{s,
2607,Arida,—L“cs,
2608,Kinokawa,‹I‚Ììs,
2609,Iwade,Šâos,
2701,Kobe,_ŒËs,
2702,Himeji,•P˜Hs,
2703,Amagasaki,“òès,
2704,Akashi,–¾Îs,
2705,Nishinomiya,¼‹{s,
2706,Sumoto,F–{s,
2707,Ashiya,ˆ°‰®s,
2708,Itami,ˆÉ’Os,
2709,Aioi,‘Š¶s,
2710,Toyooka,–L‰ªs,
2711,Kakogawa,‰ÁŒÃìs,
2712,Tatsuno,—´–ìs,"Sep.30,2005"
2713,Ako,Ô•äs,
2714,Nishiwaki,¼˜es,
2715,Takarazuka,•ó’Ës,
2716,Miki,O–Øs,
2717,Takasago,‚»s,
2718,Kawanishi,ì¼s,
2719,Ono,¬–ìs,
2720,Sanda,O“cs,
2721,Kasai,‰Á¼s,
2722,Sasayama,ÂRs,"Apr.30,2019"
2723,Yabu,—{•ƒs,
2724,Tanba,’O”gs,
2725,Minamiawaji,“ì‚ ‚í‚¶s,
2726,Asago,’©—ˆs,
2727,Awaji,’W˜Hs,
2728,Shiso,³ˆ¾s,
2729,Kato,‰Á“Œs,
2730,Tatsuno,‚½‚Â‚Ìs,
2731,Tanbasasayama,’O”gÂRs,
2801,Toyama,•xRs,
2802,Takaoka,‚‰ªs,
2803,Shinminato,V–©s,"Oct.31,2005"
2804,Uozu,‹›’Ãs,
2805,Himi,•XŒ©s,
2806,Namerikawa,ŠŠìs,
2807,Kurobe,••”s,
2808,Tonami,“v”gs,
2809,Oyabe,¬–î•”s,
2810,Nanto,“ì“vs,
2811,Imizu,Ë…s,
2901,Fukui,•Ÿˆäs,
2902,Tsuruga,“Ö‰ês,
2903,Takefu,•¶s,"Sep.30,2005"
2904,Obama,¬•ls,
2905,Ono,‘å–ìs,
2906,Katsuyama,ŸRs,
2907,Sabae,I]s,
2908,Awara,‚ ‚í‚çs,
2909,Echizen,‰z‘Os,
2910,Sakai,âˆäs,
3001,Kanazawa,‹à‘òs,
3002,Nanao,µ”ös,
3003,Komatsu,¬¼s,
3004,Wajima,—Ö“‡s,
3005,Suzu,ìFs,
3006,Kaga,‰Á‰ês,
3007,Hakui,‰Hîs,
3008,Matsuto,¼”Cs,"Jan.31,2005"
3009,Kahoku,‚©‚Ù‚­s,
3010,Hakusan,”’Rs,
3011,Nomi,”\”üs,
3012,Nonoichi,–ìXss,
3101,Okayama,‰ªRs,
3102,Kurashiki,‘q•~s,
3103,Tsuyama,’ÃRs,
3104,Tamano,‹Ê–ìs,
3105,Kojima,™“‡s,"Jan.31,1967"
3106,Tamashima,‹Ê“‡s,"Jan.31,1967"
3107,Kasaoka,Š}‰ªs,
3108,saidaiji,¼‘å›s,"Feb.16,1969"
3109,Ibara,ˆäŒ´s,
3110,Soja,‘Ğs,
3111,Takahashi,‚—Às,
3112,Niimi,VŒ©s,
3113,Bizen,”õ‘Os,
3114,Setouchi,£ŒË“às,
3115,Akaiwa,Ô”Ös,
3116,Maniwa,^’ës,
3117,Mimasaka,”üìs,
3118,Asakuchi,óŒûs,
3201,Matsue,¼]s,
3202,Hamada,•l“cs,
3203,Izumo,o‰_s,
3204,Masuda,‰v“cs,
3205,Oda,‘å“cs,
3206,Yasugi,ˆÀ—ˆs,
3207,Gotsu,]’Ãs,
3208,Hirata,•½“cs,"Mar.21,2005"
3209,Unnan,‰_“ìs,
3301,Yamaguchi,RŒûs,
3302,Shimonoseki,‰ºŠÖs,
3303,Ube,‰F•”s,
3304,Hagi,”‹s,
3305,Tokuyama,“¿Rs,"Apr.20,2003"
3306,Hofu,–h•{s,
3307,Kudamatsu,‰º¼s,
3308,Iwakuni,Šâ‘s,
3309,Onoda,¬–ì“cs,"Mar.21,2005"
3310,Hikari,Œõs,
3311,Nagato,’·–ås,
3312,Yanai,–öˆäs,
3313,Mine,”ü”Is,
3314,Shinnan'yo,V“ì—zs,"Apr.20,2003"
3315,Shunan,ü“ìs,
3316,San'yoonoda,R—z¬–ì“cs,
3401,Tottori,’¹æs,
3402,Kurayoshi,‘q‹gs,
3403,Yonago,•Äqs,
3404,Sakaiminato,‹«`s,
3501,Hiroshima,L“‡s,
3502,Kure,Œàs,
3503,Takehara,’|Œ´s,
3504,Mihara,OŒ´s,
3505,Onomichi,”ö“¹s,
3506,Innoshima,ˆö“‡s,"Jan,9,2006"
3507,Matsunaga,¼‰is,"Apr.30,1966"
3508,Fukuyama,•ŸRs,
3509,Fuchu,•{’†s(L“‡),
3510,Miyoshi,OŸs,
3511,Syoubara,¯Œ´s,
3512,Otake,‘å’|s,
3513,Higashihiroshima,“ŒL“‡s,
3514,Hatsukaichi,“ù“úss,
3515,Akitakata,ˆÀŒ|‚“cs,
3516,Etajima,]“c“‡s,
3601,Takamatsu,‚¼s,
3602,Marugame,ŠÛ‹Ts,
3603,Sakaide,âos,
3604,Zentsuji,‘P’Ê›s,
3605,Kan'onji,ŠÏ‰¹›s,
3606,Sanuki,‚³‚Ê‚«s,
3607,Higashikagawa,“Œ‚©‚ª‚ís,
3608,Mitoyo,O–Ls,
3701,Tokushima,“¿“‡s,
3702,Naruto,–Â–ås,
3703,Komatsushima,¬¼“‡s,
3704,Anan,ˆ¢“ìs,
3705,Yoshinogawa,‹g–ììs,
3706,Awa,ˆ¢”gs,
3707,Mima,”ü”ns,
3708,Miyoshi,ODs,
3801,Matsuyama,¼Rs,
3802,Imabari,¡¡s,
3803,Uwajima,‰F˜a“‡s,
3804,Yawatahama,”ª”¦•ls,
3805,Niihama,V‹•ls,
3806,Saijo,¼ğs,
3807,Ozu,‘åFs,
3808,Iyomishima,ˆÉ—\O“‡s,"Mar.31,2004"
3809,Kawanoe,ì”V]s,"Mar.31,2004"
3810,Iyo,ˆÉ—\s,
3811,Hojo,–kğs,"Dec.31,2004"
3812,Toyo,“Œ—\s,"Oct.31,2004"
3813,Shikokuchuo,l‘’†‰›s,
3814,Seiyo,¼—\s,
3815,Toon,“Œ‰·s,
3901,Kochi,‚’ms,
3902,Muroto,ºŒËs,
3903,Aki,ˆÀŒ|s,
3904,Tosa,“y²s,
3905,Susaki,{ès,
3906,Nakamura,’†‘ºs,"Apr.9,2005"
3907,Sukumo,h–Ñs,
3908,Tosashimizu,“y²´…s,
3909,Nankoku,“ì‘s,
3910,Shimanto,l–œ\s,
3911,Konan,“ìs,
3912,Kami,”üs,
4001,Fukuoka,•Ÿ‰ªs,
4002,Kokura,¬‘qs,"Feb.9,1963"
4003,Moji,–åis,"Feb.9,1963"
4004,Yahata,”ª”¦s,"Feb.9,1963"
4005,Tobata,ŒË”¨s,"Feb.9,1963"
4006,Wakamatsu,á¼s,"Feb.9,1963"
4007,Kurume,‹v—¯•Äs,
4008,Omuta,‘å–´“cs,
4009,Noogata,’¼•ûs,
4010,Iizuka,”Ñ’Ës,
4011,Tagawa,“cìs,
4012,Yanagawa,–öìs,
4013,Amagi,ŠÃ–Øs,"Mar.19,2006"
4014,Yamada,R“cs,"Mar.26,2006"
4015,Yame,”ª—s,
4016,Chikugo,’}Œãs,
4017,Okawa,‘åìs,
4018,Yukuhashi,s‹´s,
4019,Buzen,–L‘Os,
4020,Nakama,’†ŠÔs,
4021,Kitakyushu,–k‹ãBs,
4022,Ogoori,¬ŒSs,
4023,Kasuga,t“ús,
4024,Chikushino,’}‡–ìs,
4025,Onojo,‘å–ìés,
4026,Munakata,@‘œs,
4027,Dazaifu,‘¾É•{s,
4028,Maebaru,‘OŒ´s,"Dec.31,2009"
4029,Koga,ŒÃ‰ês,
4030,Fukutsu,•Ÿ’Ãs,
4031,Ukiha,‚¤‚«‚Ís,
4032,Miyawaka,‹{ás,
4033,Kama,‰Ã–ƒs,
4034,Asakura,’©‘qs,
4035,Miyama,‚İ‚â‚Üs,
4036,Itoshima,…“‡s,
4037,nakagawa,“ß‰Ïìs,
4101,Saga,²‰ês,
4102,Karatsu,“‚’Ãs,
4103,Tosu,’¹²s,
4104,Taku,‘½‹vs,
4105,Imari,ˆÉ–œ—¢s,
4106,Takeo,•—Ys,
4107,Kashima,­“‡s,
4108,Ogi,¬és,
4109,Ureshino,Šğ–ìs,
4110,Kanzaki,_és,
4201,Nagasaki,’·ès,
4202,Sasebo,²¢•Ûs,
4203,Shimabara,“‡Œ´s,
4204,Isahaya,æ|‘s,
4205,Omura,‘å‘ºs,
4206,Fukue,•Ÿ]s,"Jul.31,2004"
4207,Hirado,•½ŒËs,
4208,Matsuura,¼‰Ys,
4209,Tsushima,‘Î”ns,
4210,Iki,ˆëŠòs,
4211,Goto,ŒÜ“‡s,
4212,Saikai,¼ŠCs,
4213,Unzen,‰_ås,
4214,Minamishimabara,“ì“‡Œ´s,
4301,Kumamoto,ŒF–{s,
4302,Yatsushiro,”ª‘ãs,
4303,Hitoyoshi,l‹gs,
4304,Arao,r”ös,
4305,Minamata,…–“s,
4306,Tamana,‹Ê–¼s,
4307,Hondo,–{“ns,"Mar.26,2006"
4308,Yamaga,R­s,
4309,Ushibuka,‹[s,"Mar.26,2006"
4310,Kikuchi,‹e’rs,
4311,Uto,‰F“ys,
4312,Kamiamakusa,ã“V‘s,
4313,Uki,‰Fés,
4314,Aso,ˆ¢‘hs,
4315,Amakusa,“V‘s,
4316,Koshi,‡us,
4401,Oita,‘å•ªs,
4402,Beppu,•Ê•{s,
4403,Nakatsu,’†’Ãs,
4404,Hita,“ú“cs,
4405,Saiki,²”Œs,
4406,Usuki,‰P‹ns,
4407,Tsukumi,’Ã‹vŒ©s,
4408,Taketa,’|“cs,
4409,Tsurusaki,’ßès,"Mar.9,1963"
4410,Bungotakada,–LŒã‚“cs,
4411,Kitsuki,‹n’zs,
4412,Usa,‰F²s,
4413,Bungoono,–LŒã‘å–ìs,
4414,Yufu,—R•zs,
4415,Kunisaki,‘“Œs,
4501,Miyazaki,‹{ès,
4502,Miyakonojo,“sés,
4503,Nobeoka,‰„‰ªs,
4504,Nichinan,“ú“ìs,
4505,Kobayashi,¬—Ñs,
4506,Hyuga,“úŒüs,
4507,Kushima,‹øŠÔs,
4508,Saito,¼“ss,
4509,Ebino,‚¦‚Ñ‚Ìs,
4601,Kagoshima,­™“‡s,
4602,Sendai,ì“às,"Oct.11,2004"
4603,Kanoya,­‰®s,
4604,Makurazaki,–ès,
4605,Kushikino,‹ø–Ø–ìs,"Oct.10,2005"
4606,Akune,ˆ¢‹vªs,
4607,Izumi,o…s,
4608,Naze,–¼£s,"Mar.19,2006"
4609,Okuchi,‘åŒûs,"Oct.31,2008"
4610,Ibusuki,whs,
4611,Kaseda,‰Á¢“cs,"Nov.6,2005"
4612,Kokubu,‘•ªs,"Nov.6,2005"
4613,Taniyama,’JRs,"Apr.28,1967"
4614,Nishinoomote,¼”V•\s,
4615,Tarumizu,‚…s,
4616,Satsumasendai,F–€ì“às,
4617,Hioki,“ú’us,
4618,Soo,‘]‰—s,
4619,Kirishima,–¶“‡s,
4620,Ichikikushikino,‚¢‚¿‚«‹ø–Ø–ìs,
4621,Minamisatsuma,“ì‚³‚Â‚Üs,
4622,Shibushi,u•zus,
4623,Amami,‰‚”üs,
4624,Minamikyushu,“ì‹ãBs,
4625,Isa,ˆÉ²s,
4626,Aira,ˆ¦—Çs,
4701,Naha,“ß”es,
4702,Ishikawa,Îìs,"Mar.31,2005"
4703,Hirara,•½—Çs,"Sep.30,2005"
4704,Ishigaki,ÎŠ_s,
4705,Koza,ƒRƒUs,Mar.31.1974
4706,Ginowan,‹X–ì˜ps,
4707,Gushikawa,‹ïuìs,"Mar.31,2005"
4708,Nago,–¼Œìs,
4709,Urasoe,‰Y“Ys,
4710,Itoman,…–s,
4711,Okinawa,‰«“ês,
4712,Tomigusuku,–LŒ©és,
4713,Uruma,‚¤‚é‚Üs,
4714,Miyakojima,‹{ŒÃ“‡s,
4715,Nanjo,“ìés,
